{"cam/image_array":"451_cam-image_array_.jpg","user/throttle":0.9992914199829102,"user/angle":0.0011071562767028809,"user/mode":"user","track/lap":0,"track/loc":16}