{"cam/image_array":"448_cam-image_array_.jpg","user/throttle":0.6895719766616821,"user/angle":0.48504379391670229,"user/mode":"user","track/lap":0,"track/loc":16}