{"cam/image_array":"274_cam-image_array_.jpg","user/throttle":0.022645115852355958,"user/angle":0.5902629494667053,"user/mode":"user","track/lap":0,"track/loc":3}