{"cam/image_array":"450_cam-image_array_.jpg","user/throttle":0.9001123905181885,"user/angle":0.15607436001300813,"user/mode":"user","track/lap":0,"track/loc":16}