{"cam/image_array":"272_cam-image_array_.jpg","user/throttle":0.19164112210273744,"user/angle":0.32620668411254885,"user/mode":"user","track/lap":0,"track/loc":3}